{
  "farmersdelight:main/root": {
    "criteria": {
      "seeds": "2023-08-06 21:57:28 -0700"
    },
    "done": true
  },
  "incendium:technical/on_block": {
    "criteria": {
      "log_spam_fixer": "2023-08-06 21:59:49 -0700"
    },
    "done": false
  },
  "incendium:technical/on_kill": {
    "criteria": {
      "log_spam_fixer": "2023-08-06 21:59:49 -0700"
    },
    "done": false
  },
  "nethers_exoticism:nethers_exoticism_adv": {
    "criteria": {
      "nethers_exoticism_adv": "2023-08-06 21:57:28 -0700"
    },
    "done": true
  },
  "incendium:technical/using/trailblazer": {
    "criteria": {
      "log_spam_fixer": "2023-08-06 21:57:30 -0700"
    },
    "done": false
  },
  "restrictedportals:root": {
    "criteria": {
      "root": "2023-08-06 21:57:30 -0700"
    },
    "done": true
  },
  "incendium:technical/on_player_hurt": {
    "criteria": {
      "log_spam_fixer": "2023-08-06 21:59:49 -0700"
    },
    "done": false
  },
  "lootr:root": {
    "criteria": {
      "always_true": "2023-08-06 21:57:45 -0700"
    },
    "done": true
  },
  "incendium:technical/scroll_of_returning": {
    "criteria": {
      "log_spam_fixer": "2023-08-06 21:57:30 -0700"
    },
    "done": false
  },
  "incendium:technical/multiplex_crossbow": {
    "criteria": {
      "log_spam_fixer": "2023-08-06 21:59:49 -0700"
    },
    "done": false
  },
  "incendium:technical/sentrys_wrath": {
    "criteria": {
      "log_spam_fixer": "2023-08-06 21:59:49 -0700"
    },
    "done": false
  },
  "naturescompass:natures_compass": {
    "criteria": {
      "has_compass": "2023-08-06 21:57:28 -0700"
    },
    "done": true
  },
  "incendium:technical/firestorm": {
    "criteria": {
      "log_spam_fixer": "2023-08-06 21:59:49 -0700"
    },
    "done": false
  },
  "incendium:technical/using/ragnarok": {
    "criteria": {
      "log_spam_fixer": "2023-08-06 21:57:30 -0700"
    },
    "done": false
  },
  "enigmaticlegacy:recipes/generic/the_acknowledgment": {
    "criteria": {
      "has_iron_ingot": "2023-08-06 21:57:28 -0700"
    },
    "done": true
  },
  "naturescompass:natures_compass_log": {
    "criteria": {
      "has_recipe": "2023-08-06 21:57:28 -0700"
    },
    "done": true
  },
  "incendium:technical/inventory/sentrys_wrath": {
    "criteria": {
      "log_spam_fixer": "2023-08-06 21:59:49 -0700"
    },
    "done": false
  },
  "naturescompass:natures_compass_sapling": {
    "criteria": {
      "has_recipe": "2023-08-06 21:57:28 -0700"
    },
    "done": true
  },
  "incendium:technical/new_player": {
    "criteria": {
      "requirement": "2023-08-06 21:57:45 -0700"
    },
    "done": true
  },
  "incendium:technical/holy_wrath": {
    "criteria": {
      "log_spam_fixer": "2023-08-06 21:59:49 -0700"
    },
    "done": false
  },
  "incendium:technical/inventory/firestorm": {
    "criteria": {
      "log_spam_fixer": "2023-08-06 21:59:49 -0700"
    },
    "done": false
  },
  "projecte:philosophers_stone": {
    "criteria": {
      "philosophers_stone": "2023-08-06 21:57:28 -0700"
    },
    "done": true
  },
  "ironfurnaces:coal": {
    "criteria": {
      "rainbowcoal": "2023-08-06 21:57:28 -0700"
    },
    "done": true
  },
  "incendium:technical/using/shield": {
    "criteria": {
      "log_spam_fixer": "2023-08-06 21:57:30 -0700"
    },
    "done": false
  },
  "enigmaticlegacy:recipes/generic/infernal_shield": {
    "criteria": {
      "has_parent_recipe": "2023-08-06 21:57:29 -0700"
    },
    "done": false
  },
  "incendium:technical/on_inventory_change": {
    "criteria": {
      "log_spam_fixer": "2023-08-06 21:59:49 -0700"
    },
    "done": false
  },
  "enigmaticlegacy:recipes/generic/the_twist": {
    "criteria": {
      "has_parent_recipe": "2023-08-06 21:57:28 -0700"
    },
    "done": false
  },
  "repurposed_structures:root": {
    "criteria": {
      "always": "2023-08-06 21:57:45 -0700"
    },
    "done": true
  },
  "DataVersion": 2975
}