{
  "incendium:technical/on_block": {
    "criteria": {
      "log_spam_fixer": "2023-08-06 23:29:25 -0700"
    },
    "done": false
  },
  "nethers_exoticism:nethers_exoticism_adv": {
    "criteria": {
      "nethers_exoticism_adv": "2023-08-06 13:08:20 -0700"
    },
    "done": true
  },
  "incendium:technical/using/trailblazer": {
    "criteria": {
      "log_spam_fixer": "2023-08-06 13:08:22 -0700"
    },
    "done": false
  },
  "restrictedportals:root": {
    "criteria": {
      "root": "2023-08-06 13:08:22 -0700"
    },
    "done": true
  },
  "projecte:transmutation_table": {
    "criteria": {
      "trans_table": "2023-08-06 13:14:05 -0700"
    },
    "done": true
  },
  "farmersdelight:main/plant_all_crops": {
    "criteria": {
      "kelp": "2023-08-06 21:40:29 -0700"
    },
    "done": false
  },
  "lootr:root": {
    "criteria": {
      "always_true": "2023-08-06 13:08:37 -0700"
    },
    "done": true
  },
  "enigmaticlegacy:recipes/generic/desolation_ring": {
    "criteria": {
      "has_parent_recipe": "2023-08-06 18:41:52 -0700"
    },
    "done": false
  },
  "obscure_api:recipes/obscure_book": {
    "criteria": {
      "has_item": "2023-08-06 15:06:09 -0700"
    },
    "done": true
  },
  "restrictedportals:overworld": {
    "criteria": {
      "overworld": "2023-08-06 13:10:29 -0700"
    },
    "done": true
  },
  "enigmaticlegacy:recipes/generic/magnet_ring": {
    "criteria": {
      "has_parent_recipe": "2023-08-06 18:35:03 -0700"
    },
    "done": false
  },
  "incendium:technical/scroll_of_returning": {
    "criteria": {
      "log_spam_fixer": "2023-08-06 13:08:22 -0700"
    },
    "done": false
  },
  "incendium:technical/multiplex_crossbow": {
    "criteria": {
      "log_spam_fixer": "2023-08-06 23:29:25 -0700"
    },
    "done": false
  },
  "naturescompass:natures_compass": {
    "criteria": {
      "has_compass": "2023-08-06 13:08:20 -0700"
    },
    "done": true
  },
  "minecraft:story/mine_stone": {
    "criteria": {
      "get_stone": "2023-08-06 18:23:51 -0700"
    },
    "done": true
  },
  "incendium:technical/firestorm": {
    "criteria": {
      "log_spam_fixer": "2023-08-06 23:29:25 -0700"
    },
    "done": false
  },
  "enigmaticlegacy:book/accessories/iron_ring": {
    "criteria": {
      "has_the_recipe": "2023-08-06 18:35:03 -0700"
    },
    "done": true
  },
  "minecraft:adventure/adventuring_time": {
    "criteria": {
      "minecraft:dark_forest": "2023-08-06 13:10:32 -0700"
    },
    "done": false
  },
  "enigmaticlegacy:recipes/generic/the_acknowledgment": {
    "criteria": {
      "has_iron_ingot": "2023-08-06 13:08:20 -0700"
    },
    "done": true
  },
  "incendium:technical/using/ragnarok": {
    "criteria": {
      "log_spam_fixer": "2023-08-06 13:08:22 -0700"
    },
    "done": false
  },
  "aquamirae:adventure/root": {
    "criteria": {
      "crafting_table": "2023-08-06 15:06:09 -0700"
    },
    "done": true
  },
  "enigmaticlegacy:recipes/generic/gem_ring": {
    "criteria": {
      "has_parent_recipe": "2023-08-06 18:35:03 -0700",
      "has_items": "2023-08-06 18:41:52 -0700"
    },
    "done": true
  },
  "enigmaticlegacy:book/relics/nether_star": {
    "criteria": {
      "has_items": "2023-08-06 13:10:29 -0700"
    },
    "done": true
  },
  "enigmaticlegacy:recipes/generic/iron_ring": {
    "criteria": {
      "has_iron_ingot": "2023-08-06 18:35:03 -0700"
    },
    "done": true
  },
  "minecraft:end/levitate": {
    "criteria": {
      "levitated": "2023-08-06 13:28:05 -0700"
    },
    "done": true
  },
  "incendium:technical/inventory/sentrys_wrath": {
    "criteria": {
      "log_spam_fixer": "2023-08-06 23:29:25 -0700"
    },
    "done": false
  },
  "incendium:technical/new_player": {
    "criteria": {
      "requirement": "2023-08-06 13:08:37 -0700"
    },
    "done": true
  },
  "integrateddynamics:meneglin_basics/menril_production": {
    "criteria": {
      "criteria_0": "2023-08-06 23:18:33 -0700"
    },
    "done": true
  },
  "incendium:technical/holy_wrath": {
    "criteria": {
      "log_spam_fixer": "2023-08-06 23:29:25 -0700"
    },
    "done": false
  },
  "incendium:technical/inventory/firestorm": {
    "criteria": {
      "log_spam_fixer": "2023-08-06 23:29:25 -0700"
    },
    "done": false
  },
  "botanypots:husbandry/get_hopper_pot": {
    "criteria": {
      "get_hopper_pot": "2023-08-06 23:25:50 -0700"
    },
    "done": true
  },
  "ironfurnaces:coal": {
    "criteria": {
      "rainbowcoal": "2023-08-06 13:08:20 -0700"
    },
    "done": true
  },
  "enigmaticlegacy:recipes/generic/ender_ring": {
    "criteria": {
      "has_parent_recipe": "2023-08-06 18:35:03 -0700"
    },
    "done": false
  },
  "enigmaticlegacy:recipes/generic/infernal_shield": {
    "criteria": {
      "has_parent_recipe": "2023-08-06 13:08:21 -0700"
    },
    "done": false
  },
  "enigmaticlegacy:recipes/generic/heaven_scroll": {
    "criteria": {
      "has_items": "2023-08-06 13:10:29 -0700"
    },
    "done": false
  },
  "botanypots:husbandry/get_basic_pot": {
    "criteria": {
      "get_botany_pot": "2023-08-06 23:23:26 -0700"
    },
    "done": true
  },
  "farmersdelight:main/root": {
    "criteria": {
      "seeds": "2023-08-06 13:08:20 -0700"
    },
    "done": true
  },
  "incendium:technical/on_kill": {
    "criteria": {
      "log_spam_fixer": "2023-08-06 23:29:25 -0700"
    },
    "done": false
  },
  "incendium:technical/on_player_hurt": {
    "criteria": {
      "log_spam_fixer": "2023-08-06 23:29:25 -0700"
    },
    "done": false
  },
  "incendium:technical/sentrys_wrath": {
    "criteria": {
      "log_spam_fixer": "2023-08-06 23:29:25 -0700"
    },
    "done": false
  },
  "enigmaticlegacy:book/accessories/gem_ring": {
    "criteria": {
      "has_the_recipe": "2023-08-06 18:41:52 -0700"
    },
    "done": true
  },
  "enigmaticlegacy:recipes/generic/hunter_guide": {
    "criteria": {
      "has_items": "2023-08-06 21:21:33 -0700"
    },
    "done": true
  },
  "integrateddynamics:meneglin_basics/meneglin_discovery": {
    "criteria": {
      "criteria_0": "2023-08-06 18:41:27 -0700"
    },
    "done": true
  },
  "integrateddynamics:meneglin_basics/squeezing": {
    "criteria": {
      "criteria_0": "2023-08-06 19:08:04 -0700"
    },
    "done": true
  },
  "enigmaticlegacy:book/misc/hunter_guide": {
    "criteria": {
      "has_the_recipe": "2023-08-06 21:21:33 -0700"
    },
    "done": true
  },
  "tconstruct:smeltery/melter": {
    "criteria": {
      "seared_heater": "2023-08-06 19:05:49 -0700",
      "seared_table": "2023-08-06 19:06:04 -0700",
      "seared_basin": "2023-08-06 19:06:06 -0700",
      "seared_faucet": "2023-08-06 19:05:54 -0700",
      "seared_melter": "2023-08-06 19:05:51 -0700"
    },
    "done": true
  },
  "integrateddynamics:meneglin_basics/drying": {
    "criteria": {
      "criteria_0": "2023-08-06 23:18:03 -0700"
    },
    "done": true
  },
  "immersive_armors:recipes/misc/heavy": {
    "criteria": {
      "has_item": "2023-08-06 19:07:40 -0700"
    },
    "done": true
  },
  "naturescompass:natures_compass_log": {
    "criteria": {
      "has_recipe": "2023-08-06 13:08:20 -0700"
    },
    "done": true
  },
  "naturescompass:natures_compass_sapling": {
    "criteria": {
      "has_recipe": "2023-08-06 13:08:20 -0700"
    },
    "done": true
  },
  "minecraft:story/upgrade_tools": {
    "criteria": {
      "stone_pickaxe": "2023-08-06 18:23:56 -0700"
    },
    "done": true
  },
  "restrictedportals:nether": {
    "criteria": {
      "nether": "2023-08-06 14:51:41 -0700"
    },
    "done": true
  },
  "minecraft:story/root": {
    "criteria": {
      "crafting_table": "2023-08-06 15:06:08 -0700"
    },
    "done": true
  },
  "integrateddynamics:root": {
    "criteria": {
      "criteria_0": "2023-08-06 18:41:10 -0700"
    },
    "done": true
  },
  "minecraft:story/smelt_iron": {
    "criteria": {
      "iron": "2023-08-06 18:35:03 -0700"
    },
    "done": true
  },
  "projecte:philosophers_stone": {
    "criteria": {
      "philosophers_stone": "2023-08-06 13:08:20 -0700"
    },
    "done": true
  },
  "incendium:technical/using/shield": {
    "criteria": {
      "log_spam_fixer": "2023-08-06 13:08:22 -0700"
    },
    "done": false
  },
  "minecraft:story/form_obsidian": {
    "criteria": {
      "obsidian": "2023-08-06 14:51:06 -0700"
    },
    "done": true
  },
  "immersive_armors:recipes/misc/wooden": {
    "criteria": {
      "has_item": "2023-08-06 15:05:43 -0700"
    },
    "done": true
  },
  "incendium:technical/on_inventory_change": {
    "criteria": {
      "log_spam_fixer": "2023-08-06 23:29:25 -0700"
    },
    "done": false
  },
  "enigmaticlegacy:recipes/generic/the_twist": {
    "criteria": {
      "has_parent_recipe": "2023-08-06 13:08:20 -0700"
    },
    "done": false
  },
  "repurposed_structures:root": {
    "criteria": {
      "always": "2023-08-06 13:08:37 -0700"
    },
    "done": true
  },
  "corail_woodcutter:recipes/from_oak_planks": {
    "criteria": {
      "has_ingredient": "2023-08-06 15:05:59 -0700"
    },
    "done": true
  },
  "DataVersion": 2975
}