{"stats":{"minecraft:used":{"exnihilosequentia:wooden_hammer":25,"minecraft:flint_and_steel":11,"farmingforblockheads:market":1,"minecraft:stone":1,"minecraft:stone_hoe":1,"minecraft:netherrack":25,"minecraft:dirt":280,"integrateddynamics:coal_generator":1,"corail_woodcutter:oak_woodcutter":1,"exnihilosequentia:birch_sieve":1,"minecraft:hopper":1,"exnihilosequentia:grass_seeds":1,"exnihilosequentia:oak_crucible":1,"minecraft:obsidian":16,"tconstruct:seared_heater":1,"integrateddynamics:squeezer":1,"integrateddynamics:menril_sapling":1,"tconstruct:seared_faucet":2,"integrateddynamics:mechanical_drying_basin":1,"exnihilosequentia:wooden_crook":105,"minecraft:oak_sapling":3,"minecraft:furnace":3,"exnihilosequentia:crushed_netherrack":1,"exnihilosequentia:fired_crucible":1,"minecraft:water_bucket":39,"botanypots:terracotta_hopper_botany_pot":1,"tiab:time_in_a_bottle":72,"minecraft:stone_pickaxe":25,"minecraft:oak_planks":2,"integrateddynamics:drying_basin":1,"minecraft:wooden_pickaxe":2,"minecraft:sandstone":2,"exnihilosequentia:stone_barrel":4,"minecraft:clay":1,"tradingpost:trading_post":1,"exnihilosequentia:oak_sieve":7,"thermal:device_fisher":7,"finallyfarmabledyes:black":1,"minecraft:sand":49,"minecraft:crafting_table":1,"minecraft:campfire":1,"tconstruct:seared_basin":1,"minecraft:lever":2,"projecte:transmutation_table":1,"exnihilosequentia:oak_barrel":1,"tconstruct:seared_table":1,"minecraft:oak_pressure_plate":1,"minecraft:stone_axe":37,"projecte:philosophers_stone":12,"exnihilosequentia:stone_hammer":49,"minecraft:cobblestone":98,"tconstruct:seared_melter":1,"miniutilities:ender_lily_seeds":2,"minecraft:bucket":41,"quark:oak_chest":4,"minecraft:kelp":3,"exnihilosequentia:silkworm":4,"minecraft:bone_meal":13},"minecraft:custom":{"minecraft:inspect_hopper":1,"minecraft:interact_with_crafting_table":84,"minecraft:play_time_without_seven_curses":418098,"minecraft:leave_game":5,"minecraft:time_since_death":415965,"minecraft:sprint_one_cm":3073,"minecraft:walk_one_cm":216357,"minecraft:drop":23,"minecraft:play_time":418143,"minecraft:deaths":1,"minecraft:sneak_time":4068,"minecraft:walk_under_water_one_cm":6741,"minecraft:jump":245,"minecraft:walk_on_water_one_cm":5485,"minecraft:total_world_time":459964,"minecraft:interact_with_furnace":93,"minecraft:time_since_rest":416010,"minecraft:damage_taken":2580,"minecraft:swim_one_cm":2901,"minecraft:fly_one_cm":1330,"minecraft:open_chest":78,"minecraft:crouch_one_cm":11343,"corail_woodcutter:interact_with_sawmill":2,"minecraft:fall_one_cm":542111},"minecraft:mined":{"minecraft:lever":2,"exnihilosequentia:oak_sieve":1,"minecraft:kelp":3,"integrateddynamics:menril_log":24,"integrateddynamics:drying_basin":1,"minecraft:stone":1,"farmingforblockheads:market":1,"thermal:device_fisher":7,"exnihilosequentia:birch_sieve":1,"minecraft:kelp_plant":2,"minecraft:clay":1,"miniutilities:ender_lily_block":75,"exnihilosequentia:stone_barrel":3,"tradingpost:trading_post":1,"exnihilosequentia:infesting_leaves":1,"minecraft:tall_grass":121,"minecraft:cobblestone":22,"minecraft:oak_planks":2,"projecte:transmutation_table":1,"integrateddynamics:menril_log_filled":2,"exnihilosequentia:crushed_netherrack":1,"minecraft:grass":432,"minecraft:oak_log":14,"minecraft:gravel":1,"minecraft:sand":50,"minecraft:dirt":12,"integrateddynamics:menril_leaves":77,"minecraft:netherrack":25,"minecraft:oak_leaves":107,"exnihilosequentia:infested_leaves":52},"minecraft:picked_up":{"minecraft:clay_ball":4,"finallyfarmabledyes:magenta":8,"thermal:aquachow":384,"minecraft:wither_rose":15,"finallyfarmabledyes:orange":1,"alcocraft:hop_seeds":43,"exnihilosequentia:andesite_pebble":94,"exnihilosequentia:dark_oak_seeds":1,"exnihilosequentia:spruce_seeds":6,"finallyfarmabledyes:blue":7,"exnihilosequentia:flint_mesh":8,"minecraft:string":181,"integrateddynamics:menril_log":26,"exnihilosequentia:dust":49,"exnihilosequentia:potato_seeds":3,"thermal:barley_seeds":2,"integrateddynamics:menril_berries":7,"exnihilosequentia:oak_sieve":1,"delightful:acorn":13,"integrateddynamics:menril_sapling":3,"finallyfarmabledyes:azure_bluet":6,"secretly_complicated:iron_impure_dust":8,"delightful:green_tea_leaf":2,"thermal:spinach_seeds":5,"exnihilosequentia:cactus_seeds":4,"minecraft:stick":5,"secretly_complicated:copper_impure_dust":6,"exnihilosequentia:large_fern_seeds":4,"thermal:sadiroot_seeds":4,"exnihilosequentia:diorite_pebble":59,"exnihilosequentia:granite_pebble":40,"minecraft:redstone":6,"exnihilosequentia:stone_pebble":243,"thermal:flax_seeds":3,"finallyfarmabledyes:oxeye_daisy":5,"thermal:peanut_seeds":4,"exnihilosequentia:mycelium_spores":5,"exnihilosequentia:bamboo_seeds":2,"exnihilosequentia:carrot_seeds":7,"thermal:corn_seeds":5,"secretly_complicated:gold_impure_dust":6,"minecraft:beetroot_seeds":28,"finallyfarmabledyes:light_blue":5,"exnihilosequentia:crushed_netherrack":26,"exnihilosequentia:sugarcane_seeds":2,"finallyfarmabledyes:pink":3,"thermal:radish_seeds":1,"exnihilosequentia:stone_barrel":3,"minecraft:obsidian":1,"minecraft:blaze_powder":1,"minecraft:cobblestone":23,"exnihilosequentia:basalt_pebble":56,"exnihilosequentia:fern_seeds":6,"finallyfarmabledyes:light_gray":4,"exnihilosequentia:blackstone_pebble":44,"integrateddynamics:drying_basin":1,"exnihilosequentia:birch_sieve":1,"integrateddynamics:crystalized_menril_chunk":4,"exnihilosequentia:string_mesh":1,"minecraft:flint":70,"minecraft:oak_log":14,"exnihilosequentia:acacia_seeds":5,"minecraft:gunpowder":2,"minecraft:lapis_lazuli":13,"minecraft:dirt":11,"minecraft:apple":1,"minecraft:kelp":7,"minecraft:wheat_seeds":86,"thermal:tomato_seeds":5,"exnihilosequentia:grass_seeds":1,"minecraft:glowstone_dust":2,"exnihilosequentia:jungle_seeds":7,"exnihilosequentia:oak_seeds":3,"minecraft:oak_planks":2,"thermal:bell_pepper_seeds":2,"exnihilosequentia:iron_mesh":1,"thermal:device_fisher":7,"thermal:strawberry_seeds":4,"minecraft:gravel":1,"finallyfarmabledyes:white":4,"minecraft:sand":1,"minecraft:amethyst_shard":10,"exnihilosequentia:birch_seeds":5,"finallyfarmabledyes:yellow":5,"thermal:green_bean_seeds":3,"thermal:onion_seeds":7,"exnihilosequentia:silkworm":65,"thermal:rice_seeds":3,"minecraft:pumpkin_seeds":34,"minecraft:clay":1,"miniutilities:ender_lily_seeds":74,"minecraft:lever":2,"finallyfarmabledyes:red":4,"exnihilosequentia:sweet_berry_seeds":6,"thermal:eggplant_seeds":1,"minecraft:bone_meal":7,"projecte:transmutation_table":1,"thermal:amaranth_seeds":4,"minecraft:oak_sapling":9,"minecraft:melon_seeds":34,"ftbquests:missing_item":1,"finallyfarmabledyes:black":6},"minecraft:dropped":{"exnihilosequentia:granite_pebble":4,"exnihilosequentia:diorite_pebble":11,"minecraft:nether_star":1,"exnihilosequentia:andesite_pebble":54,"exnihilosequentia:blackstone_pebble":8,"miniutilities:ender_lily_seeds":8,"projecte:transmutation_table":1,"ftbquests:missing_item":2,"exnihilosequentia:crushed_netherrack":1,"exnihilosequentia:birch_sieve":1,"exnihilosequentia:stone_pebble":38,"minecraft:wooden_pickaxe":1,"exnihilosequentia:iron_mesh":1,"exnihilosequentia:basalt_pebble":8},"minecraft:crafted":{"minecraft:brick":16,"minecraft:black_dye":14,"exnihilosequentia:oak_crucible":1,"minecraft:farmland":1,"minecraft:oak_planks":10,"minecraft:coal":1,"minecraft:iron_nugget":40,"botanypots:terracotta_hopper_botany_pot":1,"minecraft:oak_pressure_plate":1,"exnihilosequentia:porcelain_clay":7,"quark:sturdy_stone":64,"minecraft:furnace":4,"exnihilosequentia:unfired_crucible":1,"tconstruct:seared_basin":1,"minecraft:lever":1,"exnihilosequentia:iron_mesh":5,"exnihilosequentia:oak_sieve":6,"exnihilosequentia:stone_barrel":1,"tconstruct:seared_melter":1,"minecraft:granite":9,"minecraft:basalt":12,"minecraft:terracotta":16,"minecraft:glass":32,"minecraft:hopper":2,"integrateddynamics:energy_battery":3,"integrateddynamics:coal_generator":1,"exnihilosequentia:flint_mesh":6,"tconstruct:seared_table":1,"minecraft:ender_pearl":1,"tconstruct:seared_brick":96,"kubejs:tool_saw_blade":1,"minecraft:redstone_block":1,"corail_woodcutter:oak_woodcutter":1,"minecraft:stone_hoe":1,"exnihilosequentia:wooden_crook":3,"minecraft:flower_pot":1,"integrateddynamics:squeezer":1,"minecraft:oak_slab":12,"exnihilosequentia:oak_barrel":1,"integrateddynamics:mechanical_drying_basin":1,"minecraft:crafting_table":1,"minecraft:wooden_pickaxe":1,"integrateddynamics:drying_basin":1,"exnihilosequentia:fired_crucible":1,"firesticks:fire_stick":1,"minecraft:copper_ingot":1,"minecraft:bucket":2,"minecraft:campfire":1,"minecraft:diorite":12,"minecraft:air":193,"tconstruct:seared_heater":1,"exnihilosequentia:wooden_hammer":1,"tconstruct:seared_ingot_gauge":1,"minecraft:cobblestone":57,"minecraft:charcoal":8,"minecraft:gold_nugget":30,"kubejs:tool_hand_saw":1,"minecraft:stone_slab":6,"quark:oak_chest":6,"minecraft:iron_ingot":1,"minecraft:blackstone":9,"tconstruct:seared_faucet":3,"kubejs:tool_saw_handle":1,"minecraft:gold_ingot":2,"minecraft:sandstone":2,"botanypots:terracotta_botany_pot":1,"minecraft:andesite":10,"tconstruct:grout":128,"secretly_complicated:copper_nugget":30,"minecraft:clay":32,"exnihilosequentia:string_mesh":6}},"DataVersion":2975}