{"stats":{"minecraft:used":{"minecraft:grass_block":49,"ae2:smooth_sky_stone_chest":1,"minecraft:bone_meal":38,"minecraft:obsidian":1},"minecraft:custom":{"minecraft:time_since_rest":55165,"minecraft:crouch_one_cm":333,"minecraft:play_time":55165,"minecraft:sprint_one_cm":2438,"minecraft:walk_one_cm":30970,"minecraft:sneak_time":239,"minecraft:drop":1,"minecraft:jump":9,"minecraft:play_time_without_seven_curses":55165,"minecraft:leave_game":1,"minecraft:time_since_death":55165,"minecraft:total_world_time":60126,"minecraft:fly_one_cm":12621},"minecraft:picked_up":{"minecraft:pumpkin_seeds":8,"miniutilities:ender_lily_seeds":19,"minecraft:beetroot_seeds":4,"minecraft:wheat_seeds":13,"minecraft:melon_seeds":6},"minecraft:mined":{"minecraft:grass":125,"minecraft:tall_grass":42,"miniutilities:ender_lily_block":20},"minecraft:dropped":{"minecraft:obsidian":1}},"DataVersion":2975}